<?xml version="1.0" encoding="UTF-8"?>
<MD_Metadata
  xmlns    ="http://standards.iso.org/iso/19115/-3/mdb/2.0"
  xmlns:gco="http://standards.iso.org/iso/19115/-3/gco/1.0"
  xmlns:mcc="http://standards.iso.org/iso/19115/-3/mcc/1.0"
  xmlns:lan="http://standards.iso.org/iso/19115/-3/lan/1.0"
  xmlns:cit="http://standards.iso.org/iso/19115/-3/cit/2.0"
  xmlns:gex="http://standards.iso.org/iso/19115/-3/gex/1.0"
  xmlns:msr="http://standards.iso.org/iso/19115/-3/msr/1.0"
  xmlns:mrs="http://standards.iso.org/iso/19115/-3/mrs/1.0"
  xmlns:mri="http://standards.iso.org/iso/19115/-3/mri/1.0"
  xmlns:mrc="http://standards.iso.org/iso/19115/-3/mrc/1.0"
  xmlns:mrd="http://standards.iso.org/iso/19115/-3/mrd/1.0"
  xmlns:mrl="http://standards.iso.org/iso/19115/-3/mrl/2.0"
  xmlns:mpc="http://standards.iso.org/iso/19115/-3/mpc/1.0"
  xmlns:mco="http://standards.iso.org/iso/19115/-3/mco/1.0"
  xmlns:mmi="http://standards.iso.org/iso/19115/-3/mmi/1.0"
  xmlns:mdq="http://standards.iso.org/iso/19157/-2/mdq/1.0"
  xmlns:gml="http://www.opengis.net/gml/3.2"
  >
  
  <metadataIdentifier>
    <mcc:MD_Identifier>
      <mcc:code>
        <gco:CharacterString>1fa44ab9-1a6b-4768-b137-024efcc0e084</gco:CharacterString>
      </mcc:code>
    </mcc:MD_Identifier>
  </metadataIdentifier>
  
  <defaultLocale>
    <lan:PT_Locale>
      <lan:language>
        <lan:LanguageCode codeList="codelist.xml#LanguageCode" codeListValue="por"/>
      </lan:language>
      <lan:characterEncoding>
        <lan:MD_CharacterSetCode codeList="codelist.xml#MD_CharacterSetCode" codeListValue="UTF-8"/>
      </lan:characterEncoding>
    </lan:PT_Locale>
  </defaultLocale>
  
  <metadataScope>
    <MD_MetadataScope>
      <resourceScope>
        <mcc:MD_ScopeCode codeList="codelist.xml#MD_ScopeCode" codeListValue="dataset"/>
      </resourceScope>
    </MD_MetadataScope>
  </metadataScope>
  
  <contact>
    <cit:CI_Responsibility>
      <cit:role>
        <cit:CI_RoleCode codeList="codelist.xml#CI_RoleCode" codeListValue="originator"/>
      </cit:role>
      <cit:party>
        <cit:CI_Organisation>
          <cit:name>
            <gco:CharacterString>Instituto Brasileiro de Geografia e Estatística - IBGE</gco:CharacterString>
          </cit:name>
          <cit:contactInfo>
            <cit:CI_Contact>
              <cit:address>
                <cit:CI_Address>
                  <cit:electronicMailAddress>
                    <gco:CharacterString>ibge@ibge.gov.br</gco:CharacterString>
                  </cit:electronicMailAddress>
                </cit:CI_Address>
              </cit:address>
            </cit:CI_Contact>
          </cit:contactInfo>
        </cit:CI_Organisation>
      </cit:party>
    </cit:CI_Responsibility>
  </contact>

  <dateInfo>
    <cit:CI_Date>
      <cit:date>
        <gco:DateTime>2020-06-25T15:50:31</gco:DateTime>
      </cit:date>
      <cit:dateType>
        <cit:CI_DateTypeCode codeList="codelist.xml#CI_DateTypeCode" codeListValue="creation"/>
      </cit:dateType>
    </cit:CI_Date>
  </dateInfo>
  
  <metadataStandard>
    <cit:CI_Citation>
      <cit:title>
        <gco:CharacterString>ISO 19115-3:2014</gco:CharacterString>
      </cit:title>
    </cit:CI_Citation>
  </metadataStandard>

  <metadataProfile>
    <cit:CI_Citation>
      <cit:title>
        <gco:CharacterString>Perfil MGB 2020</gco:CharacterString>
      </cit:title>
    </cit:CI_Citation>
  </metadataProfile>

  <referenceSystemInfo>
    <mrs:MD_ReferenceSystem>
      <mrs:referenceSystemIdentifier>
        <mcc:MD_Identifier>
          <mcc:code>
            <gco:CharacterString>4674</gco:CharacterString>
          </mcc:code>
          <mcc:codeSpace>
            <gco:CharacterString>EPSG</gco:CharacterString>
          </mcc:codeSpace>
        </mcc:MD_Identifier>
      </mrs:referenceSystemIdentifier>
    </mrs:MD_ReferenceSystem>
  </referenceSystemInfo>
  
  <identificationInfo>
    <mri:MD_DataIdentification>
      <mri:citation>
        <cit:CI_Citation>
          <cit:title>
            <gco:CharacterString>BCIM - Base Cartográfica Contínua do Brasil, ao milionésimo - 2016</gco:CharacterString>
          </cit:title>
          <cit:date>
            <cit:CI_Date>
              <cit:date>
                <gco:Date>2016-12-06</gco:Date>
              </cit:date>
              <cit:dateType>
                <cit:CI_DateTypeCode codeList="codelist.xml#CI_DateTypeCode" codeListValue="publication"/>
              </cit:dateType>
            </cit:CI_Date>
          </cit:date>
          <cit:edition>
            <gco:CharacterString>5ª versão digital</gco:CharacterString>
          </cit:edition>
          <cit:series>
            <cit:CI_Series>
              <cit:name>
                <gco:CharacterString>Base Cartográfica Contínua do Brasil – 1:1 000 000</gco:CharacterString>
              </cit:name>
            </cit:CI_Series>
          </cit:series>
        </cit:CI_Citation>
      </mri:citation>
      <mri:abstract>
        <gco:CharacterString>A Base Cartográfica Contínua do Brasil, ao milionésimo - 1: 1.000.000 (BCIM), é um conjunto de dados geoespaciais de referência, estruturados em bases de dados digitais, permitindo uma visão integrada do território nacional nesta escala. Foi gerada a partir da integração da vetorização das folhas da Carta Internacional do Mundo ao milionésimo – (CIM), estruturada em 9 (nove) categorias de informação: Hidrografia, Relevo, Localidades, Limites, Sistema de Transportes, Estrutura Econômica, Energia e Comunicações, Administração Pública e Vegetação, conforme a Especificação Técnica para a Estruturação de Dados Geoespaciais Vetoriais (ET-EDGV). Cada categoria está dividida em classes de elementos, correspondentes aos elementos geográficos que representam o território nacional nesta escala. Cada classe de elementos possui atributos geométricos e semânticos associados a um banco de dados permitindo consultas espaciais e semânticas. A BCIM compõe a Infraestrutura Nacional de Dados Espaciais do Brasil (INDE) e é o insumo para a representação do Brasil no Projeto Mapa Global.</gco:CharacterString>
      </mri:abstract>
      <mri:purpose>
        <gco:CharacterString>Compor um conjunto de dados geoespaciais de referência, estruturados em bases de dados digitais, permitindo uma visão integrada do território nacional na escala 1:1.000.000.</gco:CharacterString>
      </mri:purpose>
      <mri:credit>
        <gco:CharacterString>Fundação Instituto Brasileiro de Geografia e Estatística (IBGE) / Diretoria de Geociências (DGC) / Coordenação de Cartografia (CCAR)</gco:CharacterString>
      </mri:credit>
      <mri:status>
        <mcc:MD_ProgressCode codeListValue="completed" codeList="codelist.xml#MD_ProgressCode"/>
      </mri:status>
      <mri:pointOfContact>
        <cit:CI_Responsibility>
          <cit:role>
            <cit:CI_RoleCode codeList="codelist.xml#CI_RoleCode" codeListValue="originator"/>
          </cit:role>
          <cit:party>
            <cit:CI_Organisation>
              <cit:name>
                <gco:CharacterString>Instituto Brasileiro de Geografia e Estatística - IBGE</gco:CharacterString>
              </cit:name>
              <cit:contactInfo>
                <cit:CI_Contact>
                  <cit:address>
                    <cit:CI_Address>
                      <cit:electronicMailAddress>
                        <gco:CharacterString>ibge@ibge.gov.br</gco:CharacterString>
                      </cit:electronicMailAddress>
                    </cit:CI_Address>
                  </cit:address>
                </cit:CI_Contact>
              </cit:contactInfo>
            </cit:CI_Organisation>
          </cit:party>
        </cit:CI_Responsibility>
      </mri:pointOfContact>
      <mri:spatialRepresentationType>
        <mcc:MD_SpatialRepresentationTypeCode codeListValue="vector" codeList="codelist.xml#MD_SpatialRepresentationTypeCode"/>
      </mri:spatialRepresentationType>
      <mri:spatialResolution>
        <mri:MD_Resolution>
          <mri:equivalentScale>
            <mri:MD_RepresentativeFraction>
              <mri:denominator>
                <gco:Integer>1000000</gco:Integer>
              </mri:denominator>
            </mri:MD_RepresentativeFraction>
          </mri:equivalentScale>
        </mri:MD_Resolution>
      </mri:spatialResolution>
      <mri:topicCategory>
        <mri:MD_TopicCategoryCode>imageryBaseMapsEarthCover</mri:MD_TopicCategoryCode>
      </mri:topicCategory>
      <mri:extent>
        <gex:EX_Extent>
          <gex:geographicElement>
            <gex:EX_GeographicBoundingBox>
              <gex:westBoundLongitude>
                <gco:Decimal>-74.00459</gco:Decimal>
              </gex:westBoundLongitude>
              <gex:eastBoundLongitude>
                <gco:Decimal>-34.79292</gco:Decimal>
              </gex:eastBoundLongitude>
              <gex:southBoundLatitude>
                <gco:Decimal>-33.74112</gco:Decimal>
              </gex:southBoundLatitude>
              <gex:northBoundLatitude>
                <gco:Decimal>5.27271</gco:Decimal>
              </gex:northBoundLatitude>
            </gex:EX_GeographicBoundingBox>
          </gex:geographicElement>
          <gex:verticalElement>
            <gex:EX_VerticalExtent>
              <gex:minimumValue>
                <gco:Real>-5724.0</gco:Real>
              </gex:minimumValue>
              <gex:maximumValue>
                <gco:Real>2993.78</gco:Real>
              </gex:maximumValue>
              <gex:verticalCRSId>
                <mrs:MD_ReferenceSystem>
                  <mrs:referenceSystemIdentifier>
                    <mcc:MD_Identifier>
                      <mcc:code>
                        <gco:CharacterString>Imbituba</gco:CharacterString>
                      </mcc:code>
                      <mcc:codeSpace>
                        <gco:CharacterString>EDGV.Referencial_Altim</gco:CharacterString>
                      </mcc:codeSpace>
                    </mcc:MD_Identifier>
                  </mrs:referenceSystemIdentifier>
                </mrs:MD_ReferenceSystem>
              </gex:verticalCRSId>
            </gex:EX_VerticalExtent>
          </gex:verticalElement>
        </gex:EX_Extent>
      </mri:extent>     
      <mri:descriptiveKeywords>
        <mri:MD_Keywords>
          <mri:keyword>
            <gco:CharacterString>Brasil 1:1.000.000</gco:CharacterString>
          </mri:keyword>
          <mri:keyword>
            <gco:CharacterString>base vetorial BCIM</gco:CharacterString>
          </mri:keyword>
          <mri:keyword>
            <gco:CharacterString>base contínua ao milionésimo</gco:CharacterString>
          </mri:keyword>
        </mri:MD_Keywords>
      </mri:descriptiveKeywords>
      <mri:defaultLocale>
        <lan:PT_Locale>
          <lan:language>
            <lan:LanguageCode codeList="codelist.xml#LanguageCode" codeListValue="por"/>
          </lan:language>
          <lan:characterEncoding>
            <lan:MD_CharacterSetCode codeList="codelist.xml#MD_CharacterSetCode" codeListValue="UTF-8"/>
          </lan:characterEncoding>
        </lan:PT_Locale>
      </mri:defaultLocale>
    </mri:MD_DataIdentification>
  </identificationInfo>
  
  <distributionInfo>
    <mrd:MD_Distribution>
      <mrd:distributionFormat>
        <mrd:MD_Format>
          <mrd:formatSpecificationCitation>
            <cit:CI_Citation>
              <cit:title>
                <gco:CharacterString>ESRI Shapefile Technical Description</gco:CharacterString>
              </cit:title>
              <cit:identifier>
                <mcc:MD_Identifier>
                  <mcc:code>
                    <gco:CharacterString>SHP</gco:CharacterString>
                  </mcc:code>
                </mcc:MD_Identifier>
              </cit:identifier>
            </cit:CI_Citation>
          </mrd:formatSpecificationCitation>
        </mrd:MD_Format>
      </mrd:distributionFormat>
      <mrd:distributionFormat>
        <mrd:MD_Format>
          <mrd:formatSpecificationCitation>
            <cit:CI_Citation>
              <cit:title>
                <gco:CharacterString>OGC® GeoPackage Encoding Standard</gco:CharacterString>
              </cit:title>
              <cit:identifier>
                <mcc:MD_Identifier>
                  <mcc:code>
                    <gco:CharacterString>GPKG</gco:CharacterString>
                  </mcc:code>
                </mcc:MD_Identifier>
              </cit:identifier>
            </cit:CI_Citation>
          </mrd:formatSpecificationCitation>
        </mrd:MD_Format>
      </mrd:distributionFormat>
      <mrd:distributor>
        <mrd:MD_Distributor>
          <mrd:distributorContact>
            <cit:CI_Responsibility>
              <cit:role>
                <cit:CI_RoleCode codeList="codelist.xml#CI_RoleCode" codeListValue="distributor"/>
              </cit:role>
              <cit:party>
                <cit:CI_Organisation>
                  <cit:name>
                    <gco:CharacterString>Instituto Brasileiro de Geografia e Estatística - IBGE</gco:CharacterString>
                  </cit:name>
                  <cit:contactInfo>
                    <cit:CI_Contact>
                      <cit:address>
                        <cit:CI_Address>
                          <cit:deliveryPoint>
                            <gco:CharacterString>Rua General Canabarro, 706</gco:CharacterString>
                          </cit:deliveryPoint>
                          <cit:city>
                            <gco:CharacterString>Rio de Janeiro</gco:CharacterString>
                          </cit:city>
                          <cit:administrativeArea>
<!-- Invalid! <gco:CharacterString>RJ</gco:CharacterString> -->
                            <cit:CI_UFCode codeList="codelist.xml#CI_UFCode" codeListValue="RJ"/>
                          </cit:administrativeArea>
                          <cit:electronicMailAddress>
                            <gco:CharacterString>ibge@ibge.gov.br</gco:CharacterString>
                          </cit:electronicMailAddress>
                        </cit:CI_Address>
                      </cit:address>
                    </cit:CI_Contact>
                  </cit:contactInfo>
                </cit:CI_Organisation>
              </cit:party>
            </cit:CI_Responsibility>
          </mrd:distributorContact>
        </mrd:MD_Distributor>
      </mrd:distributor>
      <mrd:transferOptions>
        <mrd:MD_DigitalTransferOptions>
          <mrd:onLine>
            <cit:CI_OnlineResource>
              <cit:linkage>
                <gco:CharacterString>ftp://geoftp.ibge.gov.br/cartas_e_mapas/bases_cartograficas_continuas/bcim/versao2016</gco:CharacterString>
              </cit:linkage>
            </cit:CI_OnlineResource>
          </mrd:onLine>
          <mrd:offLine>
            <mrd:MD_Medium>
              <mrd:name>
                <cit:CI_Citation>
                  <cit:title>
                    <gco:CharacterString>DVD</gco:CharacterString>
                  </cit:title>
                </cit:CI_Citation>
              </mrd:name>
            </mrd:MD_Medium>
          </mrd:offLine>
        </mrd:MD_DigitalTransferOptions>
      </mrd:transferOptions>
    </mrd:MD_Distribution>
  </distributionInfo>
  
  <resourceLineage>
    <mrl:LI_Lineage>
      <mrl:statement>
        <gco:CharacterString>Base cartográfica contínua do Brasil, ao milionésimo – BCIM versão 4 – 2014, em SIRGAS2000, sistema de coordenadas geográficas e dados oriundos de órgãos setoriais federais, estaduais e municipais. 
  Atualização por categoria de informação: Limites: Malha Municipal Digital 2015 (IBGE/DGC/CETE); Comissão Brasileira Demarcadora de Limites (CBDL/MRE); Unidades de Conservação: Ministério do Meio Ambiente (MMA) – 2016; Terras Indígenas: Fundação Nacional do Índio (FUNAI/MJ), 2016; Outros Limites Oficiais (Delimitação do Mar Territorial): Diretoria de Hidrografia e Navegação – DHN / Centro de Hidrografia da Marinha – CHM (2004). Localidades: Malha Municipal Digital 2015  (IBGE/DGC/CCAR e CETE); Sistema de Transportes: Banco de Informações de Transportes – BIT/MT (2007-2009), Departamento Nacional de Infra-estrututa de Transportes – DNIT (rodovias federais levantadas por GPS, 2007, 2011 e 2015), Mapas dos Departamentos de Estradas de Rodagem (DER); Pista de Pouso (Aeródromo): Departamento de Controle do Espaço Aéreo – DECEA / Instituto de Cartografia Aeronáutica –(ICA) e Agência Nacional de Aviação Civil (ANAC) - 2014; Travessias e Portos da Agência Nacional de Transportes Aquaviários (ANTAQ) – 2008 e 2015; Pontes: cruzamento de classes e confirmação via imagens RapidEye (2011,2012 e 2013); Relevo: Folhas de carta 1: 250.000, SRTM 90 (cenas); Pontos Culminantes (IBGE/DGC/CGED), Pontos Extremos: pertencente a elemento fisiográfico natural (IBGE/DGC/CGED); Cota Batimétrica: Diretoria de Hidrografia e Navegação – DHN / Centro de Hidrografia da Marinha – CHM (2006); Hidrografia: Trecho Massa D'Água: cruzamento de classes com confirmação via imagens RapidEye (2011,2012 e 2013), Folhas de carta 1: 250.000, cenas Geocover (2000), CBERS (2006), Espelhos d’água da ANA (Agência Nacional de Águas) e dados toponímicos das folhas de carta 1: 100.000 e 1: 250.000; Estrutura Econômica: Os elementos dessa categoria de informação foram atualizados a partir de dados disponibilizados por vários órgãos: MME/DNPM/CPRM (minas e garimpos); e levantamentos estatísticos (indústria, agropecuária, serviços, edificações e outros); Energia e Comunicações: Os elementos dessa categoria de informação foram atualizados a partir de dados disponibilizados por vários órgãos: Eletrobrás, Furnas, ANEEL (2014) (usinas e barragens), Petrobrás (condutos), e outros; Administração Pública: limites de área pública militar; Vegetação: Mapa da série de Vegetação – 1:5.000.000 IBGE /DGC /CREN), 2004.</gco:CharacterString>
      </mrl:statement>
      <mrl:scope>
        <mcc:MD_Scope>
          <mcc:level>
            <mcc:MD_ScopeCode codeList="codelist.xml#MD_ScopeCode" codeListValue="dataset"/>
          </mcc:level>
        </mcc:MD_Scope>
      </mrl:scope>
      <mrl:source>
        <mrl:LI_Source>
          <mrl:sourceCitation>
            <cit:CI_Citation>
              <cit:title>
                <gco:CharacterString>Base cartográfica contínua do Brasil, ao milionésimo – BCIM versão 4 – 2014, em SIRGAS2000, sistema de coordenadas geográficas</gco:CharacterString>
              </cit:title>
            </cit:CI_Citation>
          </mrl:sourceCitation>
        </mrl:LI_Source>
      </mrl:source>
      <mrl:source>
        <mrl:LI_Source>
          <mrl:sourceCitation>
            <cit:CI_Citation>
              <cit:title>
                <gco:CharacterString>Dados oriundos de órgãos setoriais federais, estaduais e municipais</gco:CharacterString>
              </cit:title>
            </cit:CI_Citation>
          </mrl:sourceCitation>
        </mrl:LI_Source>
      </mrl:source>
      <mrl:processStep>
        <mrl:LI_ProcessStep>
          <mrl:description>
            <gco:CharacterString>Validação topológica, toponímica e geométrica</gco:CharacterString>
          </mrl:description>
        </mrl:LI_ProcessStep>
      </mrl:processStep>
      <mrl:processStep>
        <mrl:LI_ProcessStep>
          <mrl:description>
            <gco:CharacterString>Programa de Atualização Permanente</gco:CharacterString>
          </mrl:description>
        </mrl:LI_ProcessStep>
      </mrl:processStep>
      <mrl:processStep>
        <mrl:LI_ProcessStep>
          <mrl:description>
            <gco:CharacterString>Controle de Qualidade</gco:CharacterString>
          </mrl:description>
        </mrl:LI_ProcessStep>
      </mrl:processStep>
    </mrl:LI_Lineage>
  </resourceLineage>
  
  <metadataConstraints>
    <mco:MD_LegalConstraints>
      <mco:useConstraints>
        <mco:MD_RestrictionCode codeList="codelist.xml#MD_RestrictionCode" codeListValue="copyright"/>
      </mco:useConstraints>
    </mco:MD_LegalConstraints>
  </metadataConstraints>
  
  <metadataMaintenance>
    <mmi:MD_MaintenanceInformation>
      <mmi:maintenanceAndUpdateFrequency>
        <mmi:MD_MaintenanceFrequencyCode codeList="codelist.xml#MD_MaintenanceFrequencyCode" codeListValue="biennially"/>
      </mmi:maintenanceAndUpdateFrequency>
    </mmi:MD_MaintenanceInformation>
  </metadataMaintenance>
  
</MD_Metadata>
