<?xml version="1.0" encoding="UTF-8"?>
<info version="1.1">
  <general>
    <createDate>2020-09-25T12:00:00</createDate>
    <changeDate>2020-09-25T12:00:00</changeDate>
    <schema>iso19115-3.mgb</schema>
    <isTemplate>n</isTemplate>
    <localId>9999</localId>
    <format>full</format>
    <rating>0</rating>
    <popularity>0</popularity>
    <uuid>b33b7018-838f-4753-42d6-32c264f9d4af</uuid>
  </general>
  <categories />
  <privileges>
    <group name="all">
      <operation name="featured" />
      <operation name="dynamic" />
      <operation name="notify" />
      <operation name="editing" />
      <operation name="download" />
      <operation name="view" />
    </group>
  </privileges>
  <public />
  <private />
</info>

