<?xml version="1.0" encoding="UTF-8"?>
<MD_Metadata
  xmlns    ="http://standards.iso.org/iso/19115/-3/mdb/2.0"
  xmlns:gco="http://standards.iso.org/iso/19115/-3/gco/1.0"
  xmlns:mcc="http://standards.iso.org/iso/19115/-3/mcc/1.0"
  xmlns:lan="http://standards.iso.org/iso/19115/-3/lan/1.0"
  xmlns:cit="http://standards.iso.org/iso/19115/-3/cit/2.0"
  xmlns:gex="http://standards.iso.org/iso/19115/-3/gex/1.0"
  xmlns:msr="http://standards.iso.org/iso/19115/-3/msr/1.0"
  xmlns:mrs="http://standards.iso.org/iso/19115/-3/mrs/1.0"
  xmlns:mri="http://standards.iso.org/iso/19115/-3/mri/1.0"
  xmlns:mrc="http://standards.iso.org/iso/19115/-3/mrc/2.0"
  xmlns:mrd="http://standards.iso.org/iso/19115/-3/mrd/1.0"
  xmlns:mrl="http://standards.iso.org/iso/19115/-3/mrl/2.0"
  xmlns:mpc="http://standards.iso.org/iso/19115/-3/mpc/1.0"
  xmlns:mco="http://standards.iso.org/iso/19115/-3/mco/1.0"
  xmlns:mmi="http://standards.iso.org/iso/19115/-3/mmi/1.0"
  xmlns:mdq="http://standards.iso.org/iso/19157/-2/mdq/1.0"
  xmlns:gml="http://www.opengis.net/gml/3.2"
  >
  
  <metadataIdentifier>
    <mcc:MD_Identifier>
      <mcc:code>
        <gco:CharacterString>b33b7018-838f-4753-42d6-32c264f9d4af</gco:CharacterString>
      </mcc:code>
    </mcc:MD_Identifier>
  </metadataIdentifier>
  
  <defaultLocale>
    <lan:PT_Locale>
      <lan:language>
        <lan:LanguageCode codeList="codelist.xml#LanguageCode" codeListValue="por"/>
      </lan:language>
      <lan:characterEncoding>
        <lan:MD_CharacterSetCode codeList="codelist.xml#MD_CharacterSetCode" codeListValue="UTF-8"/>
      </lan:characterEncoding>
    </lan:PT_Locale>
  </defaultLocale>
  
  <metadataScope>
    <MD_MetadataScope>
      <resourceScope>
        <mcc:MD_ScopeCode codeList="codelist.xml#MD_ScopeCode" codeListValue="dataset"/>
      </resourceScope>
    </MD_MetadataScope>
  </metadataScope>
  
  <contact>
    <cit:CI_Responsibility>
      <cit:role>
        <cit:CI_RoleCode codeList="codelist.xml#CI_RoleCode" codeListValue="originator"/>
      </cit:role>
      <cit:party>
        <cit:CI_Organisation>
          <cit:name>
            <gco:CharacterString>1º Centro de Geoinformação (1º CGEO)</gco:CharacterString>
          </cit:name>
          <cit:contactInfo>
            <cit:CI_Contact>
              <cit:onlineResource>
                <cit:CI_OnlineResource>
                  <cit:linkage>
                    <gco:CharacterString>http://www.1cgeo.eb.mil.br</gco:CharacterString>
                  </cit:linkage>
                </cit:CI_OnlineResource>
              </cit:onlineResource>
            </cit:CI_Contact>
          </cit:contactInfo>
        </cit:CI_Organisation>
      </cit:party>
    </cit:CI_Responsibility>
  </contact>

  <dateInfo>
    <cit:CI_Date>
      <cit:date>
        <gco:Date>2020-07-17</gco:Date>
      </cit:date>
      <cit:dateType>
        <cit:CI_DateTypeCode codeList="codelist.xml#CI_DateTypeCode" codeListValue="creation"/>
      </cit:dateType>
    </cit:CI_Date>
  </dateInfo>
  
  <metadataStandard>
    <cit:CI_Citation>
      <cit:title>
        <gco:CharacterString>ISO 19115-3:2014</gco:CharacterString>
      </cit:title>
    </cit:CI_Citation>
  </metadataStandard>

  <metadataProfile>
    <cit:CI_Citation>
      <cit:title>
        <gco:CharacterString>Perfil MGB 2.0</gco:CharacterString>
      </cit:title>
    </cit:CI_Citation>
  </metadataProfile>

  <referenceSystemInfo>
    <mrs:MD_ReferenceSystem>
      <mrs:referenceSystemIdentifier>
        <mcc:MD_Identifier>
          <mcc:code>
            <gco:CharacterString>4674</gco:CharacterString>
          </mcc:code>
          <mcc:codeSpace>
            <gco:CharacterString>EPSG</gco:CharacterString>
          </mcc:codeSpace>
        </mcc:MD_Identifier>
      </mrs:referenceSystemIdentifier>
    </mrs:MD_ReferenceSystem>
  </referenceSystemInfo>
  
  <referenceSystemInfo>
    <mrs:MD_ReferenceSystem>
      <mrs:referenceSystemIdentifier>
        <mcc:MD_Identifier>
          <mcc:code>
            <gco:CharacterString>Imbituba</gco:CharacterString>
          </mcc:code>
          <mcc:codeSpace>
            <gco:CharacterString>EDGV.Referencial_Altim</gco:CharacterString>
          </mcc:codeSpace>
        </mcc:MD_Identifier>
      </mrs:referenceSystemIdentifier>
    </mrs:MD_ReferenceSystem>
  </referenceSystemInfo>
  
  <identificationInfo>
    <mri:MD_DataIdentification>
      <mri:citation>
        <cit:CI_Citation>
          <cit:title>
            <gco:CharacterString>Carta topográfica SÃO SIMÃO - SH-21-X-D-V-3-SO - 25.000</gco:CharacterString>
          </cit:title>
          <cit:date>
            <cit:CI_Date>
              <cit:date>
                <gco:Date>2017-06-29</gco:Date>
              </cit:date>
              <cit:dateType>
                <cit:CI_DateTypeCode codeList="codelist.xml#CI_DateTypeCode" codeListValue="creation"/>
              </cit:dateType>
            </cit:CI_Date>
          </cit:date>
          <cit:series>
            <cit:CI_Series>
              <cit:name>
                <gco:CharacterString>SCN Carta Topográfica Matricial</gco:CharacterString>
              </cit:name>
            </cit:CI_Series>
          </cit:series>
        </cit:CI_Citation>
      </mri:citation>
      <mri:abstract>
        <gco:CharacterString>Independente de qualquer outra aplicação secundária, este conjunto de dados destina-se ao USO como dado fundamental de referências. Fornece o conjunto de dados das categorias previstas na EDGV. Limitado ao enquadramento previsto no índice de nomenclatura.</gco:CharacterString>
      </mri:abstract>
      <mri:credit>
        <gco:CharacterString>Produto elaborado no contexto do mapeamento terrestre sistemático brasileiro pela Diretoria de Serviço Geográfico</gco:CharacterString>
      </mri:credit>
      <mri:status>
        <mcc:MD_ProgressCode codeListValue="completed" codeList="codelist.xml#MD_ProgressCode"/>
      </mri:status>
      <mri:pointOfContact>
        <cit:CI_Responsibility>
          <cit:role>
            <cit:CI_RoleCode codeList="codelist.xml#CI_RoleCode" codeListValue="originator"/>
          </cit:role>
          <cit:party>
            <cit:CI_Organisation>
              <cit:name>
                <gco:CharacterString>Diretoria de Serviço Geográfico (DSG)</gco:CharacterString>
              </cit:name>
              <cit:contactInfo>
                <cit:CI_Contact>
                  <cit:onlineResource>
                    <cit:CI_OnlineResource>
                      <cit:linkage>
                        <gco:CharacterString>http://www.dsg.eb.mil.br</gco:CharacterString>
                      </cit:linkage>
                    </cit:CI_OnlineResource>
                  </cit:onlineResource>
                </cit:CI_Contact>
              </cit:contactInfo>
            </cit:CI_Organisation>
          </cit:party>
        </cit:CI_Responsibility>
      </mri:pointOfContact>
      <mri:spatialRepresentationType>
        <mcc:MD_SpatialRepresentationTypeCode codeListValue="raster" codeList="codelist.xml#MD_SpatialRepresentationTypeCode"/>
      </mri:spatialRepresentationType>
      <mri:spatialResolution>
        <mri:MD_Resolution>
          <mri:equivalentScale>
            <mri:MD_RepresentativeFraction>
              <mri:denominator>
                <gco:Integer>25000</gco:Integer>
              </mri:denominator>
            </mri:MD_RepresentativeFraction>
          </mri:equivalentScale>
        </mri:MD_Resolution>
      </mri:spatialResolution>
      <mri:topicCategory>
        <mri:MD_TopicCategoryCode>imageryBaseMapsEarthCover</mri:MD_TopicCategoryCode>
      </mri:topicCategory>
      <mri:extent>
        <gex:EX_Extent>
          <gex:geographicElement>
            <gex:EX_GeographicBoundingBox>
              <gex:westBoundLongitude>
                <gco:Decimal>-55.000</gco:Decimal>
              </gex:westBoundLongitude>
              <gex:eastBoundLongitude>
                <gco:Decimal>-54.875</gco:Decimal>
              </gex:eastBoundLongitude>
              <gex:southBoundLatitude>
                <gco:Decimal>-30.000</gco:Decimal>
              </gex:southBoundLatitude>
              <gex:northBoundLatitude>
                <gco:Decimal>-29.875</gco:Decimal>
              </gex:northBoundLatitude>
            </gex:EX_GeographicBoundingBox>
          </gex:geographicElement>
        </gex:EX_Extent>
      </mri:extent>
      <mri:descriptiveKeywords>
        <mri:MD_Keywords>
          <mri:keyword>
            <gco:CharacterString>São Simão</gco:CharacterString>
          </mri:keyword>
          <mri:keyword>
            <gco:CharacterString>Campo de Instrução Barão de São Borja</gco:CharacterString>
          </mri:keyword>
          <mri:keyword>
            <gco:CharacterString>Rio Santa Maria</gco:CharacterString>
          </mri:keyword>
        </mri:MD_Keywords>
      </mri:descriptiveKeywords>
      <mri:defaultLocale>
        <lan:PT_Locale>
          <lan:language>
            <lan:LanguageCode codeList="codelist.xml#LanguageCode" codeListValue="por"/>
          </lan:language>
          <lan:characterEncoding gco:nilReason="notapplicable"/>
        </lan:PT_Locale>
      </mri:defaultLocale>
    </mri:MD_DataIdentification>
  </identificationInfo>
  
  <contentInfo>
    <mrc:MD_CoverageDescription>
      <mrc:attributeDescription>
        <gco:RecordType>Representação cartográfica</gco:RecordType>
      </mrc:attributeDescription>
    </mrc:MD_CoverageDescription>
  </contentInfo>
  
  <distributionInfo>
    <mrd:MD_Distribution>
      <mrd:distributionFormat>
        <mrd:MD_Format>
          <mrd:formatSpecificationCitation>
            <cit:CI_Citation>
              <cit:title>
                <gco:CharacterString>GeoTIFF Format Specification Version 1.8.2</gco:CharacterString>
              </cit:title>
              <cit:date>
                <cit:CI_Date>
                  <cit:date>
                    <gco:Date>2000-12-28</gco:Date>
                  </cit:date>
                  <cit:dateType>
                    <cit:CI_DateTypeCode codeList="codelist.xml#CI_DateTypeCode" codeListValue="publication"/>
                  </cit:dateType>
                </cit:CI_Date>
              </cit:date>
              <cit:identifier>
                <mcc:MD_Identifier>
                  <mcc:code>
                    <gco:CharacterString>GeoTIFF</gco:CharacterString>
                  </mcc:code>
                </mcc:MD_Identifier>
              </cit:identifier>
            </cit:CI_Citation>
          </mrd:formatSpecificationCitation>
        </mrd:MD_Format>
      </mrd:distributionFormat>
      <mrd:distributor>
        <mrd:MD_Distributor>
          <mrd:distributorContact>
            <cit:CI_Responsibility>
              <cit:role>
                <cit:CI_RoleCode codeList="codelist.xml#CI_RoleCode" codeListValue="distributor"/>
              </cit:role>
              <cit:party>
                <cit:CI_Organisation>
                  <cit:name>
                    <gco:CharacterString>2º Centro de Geoinformação (2º CGEO)</gco:CharacterString>
                  </cit:name>
                  <cit:contactInfo>
                    <cit:CI_Contact>
                      <cit:onlineResource>
                        <cit:CI_OnlineResource>
                          <cit:linkage>
                            <gco:CharacterString>https://bdgex.eb.mil.br</gco:CharacterString>
                          </cit:linkage>
                        </cit:CI_OnlineResource>
                      </cit:onlineResource>
                    </cit:CI_Contact>
                  </cit:contactInfo>
                </cit:CI_Organisation>
              </cit:party>
            </cit:CI_Responsibility>
          </mrd:distributorContact>
        </mrd:MD_Distributor>
      </mrd:distributor>
      <mrd:transferOptions>
        <mrd:MD_DigitalTransferOptions>
          <mrd:onLine>
            <cit:CI_OnlineResource>
              <cit:linkage>
                <gco:CharacterString>http://www.geoportal.eb.mil.br/mediador/index.php?modulo=download&amp;acao=baixar&amp;identificador=b33b7018-838f-4753-42d6-32c264f9d4af</gco:CharacterString>
              </cit:linkage>
            </cit:CI_OnlineResource>
          </mrd:onLine>
        </mrd:MD_DigitalTransferOptions>
      </mrd:transferOptions>
    </mrd:MD_Distribution>
  </distributionInfo>
  
  <dataQualityInfo>
    <mdq:DQ_DataQuality>
      <mdq:scope>
        <mcc:MD_Scope>
          <mcc:level>
            <mcc:MD_ScopeCode codeList="codelist.xml#MD_ScopeCode" codeListValue="dataset"/>
          </mcc:level>
        </mcc:MD_Scope>
      </mdq:scope>
      <mdq:report>
        <mdq:DQ_ConceptualConsistency>
          <mdq:measure>
            <mdq:DQ_MeasureReference>
              <mdq:measureIdentification>
                <mcc:MD_Identifier>
                  <mcc:code>
                    <gco:CharacterString>202</gco:CharacterString>
                  </mcc:code>
                  <mcc:codeSpace>
                    <gco:CharacterString>CQDG</gco:CharacterString>
                  </mcc:codeSpace>
                </mcc:MD_Identifier>
              </mdq:measureIdentification>
              <mdq:nameOfMeasure>
                <gco:CharacterString>Conformidade com as especificações do dado matricial</gco:CharacterString>
              </mdq:nameOfMeasure>
            </mdq:DQ_MeasureReference>
          </mdq:measure>
          <mdq:evaluationMethod>
            <mdq:DQ_EvaluationMethod>
              <mdq:dateTime>
                <gco:DateTime>2017-07-03T13:00:00</gco:DateTime>
              </mdq:dateTime>
              <mdq:evaluationProcedure>
                <cit:CI_Citation>
                  <cit:title>
                    <gco:CharacterString>Aplicação da medida conformidade com as especificações do dado matricial usando os parâmetros da ET-PCDG 2016</gco:CharacterString>
                  </cit:title>
                </cit:CI_Citation>
              </mdq:evaluationProcedure>
              <mdq:referenceDoc>
                <cit:CI_Citation>
                  <cit:title>
                    <gco:CharacterString>Norma da Especificação Técnica para Controle de Qualidade de Dados Geoespaciais (ET-CQDG)</gco:CharacterString>
                  </cit:title>
                  <cit:date>
                    <cit:CI_Date>
                      <cit:date>
                        <gco:Date>2016-02-16</gco:Date>
                      </cit:date>
                      <cit:dateType>
                        <cit:CI_DateTypeCode codeList="codelist.xml#CI_DateTypeCode" codeListValue="publication"/>
                      </cit:dateType>
                    </cit:CI_Date>
                  </cit:date>
                  <cit:citedResponsibleParty>
                    <cit:CI_Responsibility>
                      <cit:role>
                        <cit:CI_RoleCode codeList="codelist.xml#CI_RoleCode" codeListValue="publisher"/>
                      </cit:role>
                      <cit:party>
                        <cit:CI_Organisation>
                          <cit:name>
                            <gco:CharacterString>Departamento de Ciência e Tecnologia (DCT)</gco:CharacterString>
                          </cit:name>
                        </cit:CI_Organisation>
                      </cit:party>
                    </cit:CI_Responsibility>
                  </cit:citedResponsibleParty>
                </cit:CI_Citation>
              </mdq:referenceDoc>
              <mdq:evaluationMethodType>
                <mdq:DQ_EvaluationMethodTypeCode codeList="codelist.xml#DQ_EvaluationMethodTypeCode" codeListValue="directInternal"/>
              </mdq:evaluationMethodType>
            </mdq:DQ_EvaluationMethod>
          </mdq:evaluationMethod>
          <mdq:result>
            <mdq:DQ_ConformanceResult>
              <mdq:specification>
                <cit:CI_Citation>
                  <cit:title>
                    <gco:CharacterString>Norma da Especificação Técnica para Controle de Qualidade de Dados Geoespaciais (ET-CQDG)</gco:CharacterString>
                  </cit:title>
                </cit:CI_Citation>
              </mdq:specification>
              <mdq:explanation>
                <gco:CharacterString>Indica se o produto cumpre os requisitos do produto em relação às especificações próprias da representação matricial, como resolução espacial e resolução radiométrica</gco:CharacterString>
              </mdq:explanation>
              <mdq:pass>
                <gco:Boolean>true</gco:Boolean>
              </mdq:pass>
            </mdq:DQ_ConformanceResult>
          </mdq:result>
        </mdq:DQ_ConceptualConsistency>
      </mdq:report>
      <mdq:report>
        <mdq:DQ_FormatConsistency>
          <mdq:measure>
            <mdq:DQ_MeasureReference>
              <mdq:measureIdentification>
                <mcc:MD_Identifier>
                  <mcc:code>
                    <gco:CharacterString>206</gco:CharacterString>
                  </mcc:code>
                  <mcc:codeSpace>
                    <gco:CharacterString>CQDG</gco:CharacterString>
                  </mcc:codeSpace>
                </mcc:MD_Identifier>
              </mdq:measureIdentification>
              <mdq:nameOfMeasure>
                <gco:CharacterString>Conflito de estrutura física</gco:CharacterString>
              </mdq:nameOfMeasure>
            </mdq:DQ_MeasureReference>
          </mdq:measure>
          <mdq:result>
            <mdq:DQ_ConformanceResult>
              <mdq:specification>
                <cit:CI_Citation>
                  <cit:title>
                    <gco:CharacterString>Norma da Especificação Técnica para Controle de Qualidade de Dados Geoespaciais (ET-CQDG)</gco:CharacterString>
                  </cit:title>
                </cit:CI_Citation>
              </mdq:specification>
              <mdq:explanation>
                <gco:CharacterString>Indica se não existe erro de conflito na estrutura física de armazenamento do dado</gco:CharacterString>
              </mdq:explanation>
              <mdq:pass>
                <gco:Boolean>true</gco:Boolean>
              </mdq:pass>
            </mdq:DQ_ConformanceResult>
          </mdq:result>
        </mdq:DQ_FormatConsistency>
      </mdq:report>
      <mdq:report>
        <mdq:DQ_AbsoluteExternalPositionalAccuracy>
          <mdq:measure>
            <mdq:DQ_MeasureReference>
              <mdq:measureIdentification>
                <mcc:MD_Identifier>
                  <mcc:code>
                    <gco:CharacterString>301</gco:CharacterString>
                  </mcc:code>
                  <mcc:codeSpace>
                    <gco:CharacterString>CQDG</gco:CharacterString>
                  </mcc:codeSpace>
                </mcc:MD_Identifier>
              </mdq:measureIdentification>
              <mdq:nameOfMeasure>
                <gco:CharacterString>PAP-PCD planimétrico</gco:CharacterString>
              </mdq:nameOfMeasure>
            </mdq:DQ_MeasureReference>
          </mdq:measure>
          <mdq:result>
            <mdq:DQ_QuantitativeResult>
              <mdq:value>
                <gco:Record>PEC A</gco:Record>
              </mdq:value>
              <mdq:valueRecordType>
                <gco:RecordType>lista controlada (A, B, C, D)</gco:RecordType>
              </mdq:valueRecordType>
            </mdq:DQ_QuantitativeResult>
          </mdq:result>
          <mdq:result>
            <mdq:DQ_ConformanceResult>
              <mdq:specification>
                <cit:CI_Citation>
                  <cit:title>
                    <gco:CharacterString>Norma da Especificação Técnica para Controle de Qualidade de Dados Geoespaciais (ET-CQDG)</gco:CharacterString>
                  </cit:title>
                </cit:CI_Citation>
              </mdq:specification>
              <mdq:explanation>
                <gco:CharacterString>Indica se o Padrão de Exatidão Cartográfica (PEC) do produto atendeu às especificações</gco:CharacterString>
              </mdq:explanation>
              <mdq:pass>
                <gco:Boolean>true</gco:Boolean>
              </mdq:pass>
            </mdq:DQ_ConformanceResult>
          </mdq:result>
        </mdq:DQ_AbsoluteExternalPositionalAccuracy>
      </mdq:report>
    </mdq:DQ_DataQuality>
  </dataQualityInfo>
  
  <resourceLineage>
    <mrl:LI_Lineage>
      <mrl:scope>
        <mcc:MD_Scope>
          <mcc:level>
            <mcc:MD_ScopeCode codeList="codelist.xml#MD_ScopeCode" codeListValue="dataset"/>
          </mcc:level>
        </mcc:MD_Scope>
      </mrl:scope>
      <mrl:processStep>
        <mrl:LI_ProcessStep>
          <mrl:description>
            <gco:CharacterString>Imageamento orbital</gco:CharacterString>
          </mrl:description>
          <mrl:stepDateTime>
            <gml:TimeInstant gml:id="processStep.1">
              <gml:timePosition>2016</gml:timePosition>
            </gml:TimeInstant>
          </mrl:stepDateTime>
          <mrl:processor>
            <cit:CI_Responsibility>
              <cit:role>
                <cit:CI_RoleCode codeList="codelist.xml#CI_RoleCode" codeListValue="processor"/>
              </cit:role>
              <cit:party>
                <cit:CI_Organisation>
                  <cit:name>
                    <gco:CharacterString>Sensor Pleiades</gco:CharacterString>
                  </cit:name>
                </cit:CI_Organisation>
              </cit:party>
            </cit:CI_Responsibility>
          </mrl:processor>
        </mrl:LI_ProcessStep>
      </mrl:processStep>
      <mrl:processStep>
        <mrl:LI_ProcessStep>
          <mrl:description>
            <gco:CharacterString>Apoio de campo</gco:CharacterString>
          </mrl:description>
          <mrl:stepDateTime>
            <gml:TimeInstant gml:id="processStep.2">
              <gml:timePosition>2016</gml:timePosition>
            </gml:TimeInstant>
          </mrl:stepDateTime>
          <mrl:processor>
            <cit:CI_Responsibility>
              <cit:role>
                <cit:CI_RoleCode codeList="codelist.xml#CI_RoleCode" codeListValue="processor"/>
              </cit:role>
              <cit:party>
                <cit:CI_Organisation>
                  <cit:name>
                    <gco:CharacterString>1ª Divisão de Levantamento (1ª DL)</gco:CharacterString>
                  </cit:name>
                </cit:CI_Organisation>
              </cit:party>
            </cit:CI_Responsibility>
          </mrl:processor>
        </mrl:LI_ProcessStep>
      </mrl:processStep>
      <mrl:processStep>
        <mrl:LI_ProcessStep>
          <mrl:description>
            <gco:CharacterString>Restituição fotogramétrica</gco:CharacterString>
          </mrl:description>
          <mrl:stepDateTime>
            <gml:TimeInstant gml:id="processStep.3">
              <gml:timePosition>2017-02</gml:timePosition>
            </gml:TimeInstant>
          </mrl:stepDateTime>
          <mrl:processor>
            <cit:CI_Responsibility>
              <cit:role>
                <cit:CI_RoleCode codeList="codelist.xml#CI_RoleCode" codeListValue="processor"/>
              </cit:role>
              <cit:party>
                <cit:CI_Organisation>
                  <cit:name>
                    <gco:CharacterString>1º Centro de Geoinformação (1º CGEO)</gco:CharacterString>
                  </cit:name>
                </cit:CI_Organisation>
              </cit:party>
            </cit:CI_Responsibility>
          </mrl:processor>
        </mrl:LI_ProcessStep>
      </mrl:processStep>
      <mrl:processStep>
        <mrl:LI_ProcessStep>
          <mrl:description>
            <gco:CharacterString>Reambulação</gco:CharacterString>
          </mrl:description>
          <mrl:stepDateTime>
            <gml:TimeInstant gml:id="processStep.4">
              <gml:timePosition>2017-05-12</gml:timePosition>
            </gml:TimeInstant>
          </mrl:stepDateTime>
          <mrl:processor>
            <cit:CI_Responsibility>
              <cit:role>
                <cit:CI_RoleCode codeList="codelist.xml#CI_RoleCode" codeListValue="processor"/>
              </cit:role>
              <cit:party>
                <cit:CI_Organisation>
                  <cit:name>
                    <gco:CharacterString>1º Centro de Geoinformação (1º CGEO)</gco:CharacterString>
                  </cit:name>
                </cit:CI_Organisation>
              </cit:party>
            </cit:CI_Responsibility>
          </mrl:processor>
        </mrl:LI_ProcessStep>
      </mrl:processStep>
      <mrl:processStep>
        <mrl:LI_ProcessStep>
          <mrl:description>
            <gco:CharacterString>Edição</gco:CharacterString>
          </mrl:description>
          <mrl:stepDateTime>
            <gml:TimeInstant gml:id="processStep.5">
              <gml:timePosition>2017-06-29</gml:timePosition>
            </gml:TimeInstant>
          </mrl:stepDateTime>
          <mrl:processor>
            <cit:CI_Responsibility>
              <cit:role>
                <cit:CI_RoleCode codeList="codelist.xml#CI_RoleCode" codeListValue="processor"/>
              </cit:role>
              <cit:party>
                <cit:CI_Organisation>
                  <cit:name>
                    <gco:CharacterString>1º Centro de Geoinformação (1º CGEO)</gco:CharacterString>
                  </cit:name>
                </cit:CI_Organisation>
              </cit:party>
            </cit:CI_Responsibility>
          </mrl:processor>
        </mrl:LI_ProcessStep>
      </mrl:processStep>
    </mrl:LI_Lineage>
  </resourceLineage>
  
  <portrayalCatalogueInfo>
    <mpc:MD_PortrayalCatalogueReference>
      <mpc:portrayalCatalogueCitation>
        <cit:CI_Citation>
          <cit:title>
            <gco:CharacterString>Manual Técnico T 34-700 - Convenções Cartográficas - 1ª Parte - Normas para o Emprego dos Símbolos</gco:CharacterString>
          </cit:title>
          <cit:date>
            <cit:CI_Date>
              <cit:date>
                <gco:Date>2002-07-24</gco:Date>
              </cit:date>
              <cit:dateType>
                <cit:CI_DateTypeCode codeList="codelist.xml#CI_DateTypeCode" codeListValue="publication"/>
              </cit:dateType>
            </cit:CI_Date>
          </cit:date>
          <cit:edition>
            <gco:CharacterString>2ª edição</gco:CharacterString>
          </cit:edition>
          <cit:citedResponsibleParty>
            <cit:CI_Responsibility>
              <cit:role>
                <cit:CI_RoleCode codeList="codelist.xml#CI_RoleCode" codeListValue="publisher"/>
              </cit:role>
              <cit:party>
                <cit:CI_Organisation>
                  <cit:name>
                    <gco:CharacterString>Estado-Maior do Exército (EME)</gco:CharacterString>
                  </cit:name>
                </cit:CI_Organisation>
              </cit:party>
            </cit:CI_Responsibility>
          </cit:citedResponsibleParty>
        </cit:CI_Citation>
      </mpc:portrayalCatalogueCitation>
    </mpc:MD_PortrayalCatalogueReference>
  </portrayalCatalogueInfo>
  
  <metadataConstraints>
    <mco:MD_LegalConstraints>
      <mco:useConstraints>
        <mco:MD_RestrictionCode codeList="codelist.xml#MD_RestrictionCode" codeListValue="copyright"/>
      </mco:useConstraints>
    </mco:MD_LegalConstraints>
  </metadataConstraints>
  
</MD_Metadata>
